keyword_id;keyword_position;date
инфракрасные теплые полы;8;2013-11-12
инфракрасный пленочный теплый пол;15;2013-11-12
инфракрасный теплый пол киев;5;2013-11-12
купить теплый пол;11;2013-11-12
монтаж теплого пола электрического;14;2013-11-12
пленочный теплый пол;28;2013-11-12
пленочный теплый пол цена;7;2013-11-12
полы с подогревом;13;2013-11-12
система теплый пол;15;2013-11-12
стоимость теплого пола;2;2013-11-12
теплый пол;N/A;2013-11-12
теплый пол инфракрасный;7;2013-11-12
теплый пол купить;16;2013-11-12
теплый пол под ламинат;31;2013-11-12
теплый пол под плитку;32;2013-11-12
Теплый пол стоимость;3;2013-11-12
теплый пол цена;6;2013-11-12
терморегулятор;N/A;2013-11-12
электрический теплый пол;22;2013-11-12
электрический теплый пол цена;8;2013-11-12
теплый пол киев;25;2013-11-12
монтаж теплого пола;N/A;2013-11-12
установка теплого пола;N/A;2013-11-12
