keyword;company_id;;;;;;;;;;;;
инфракрасные теплые полы;1;;;;;;;;;;;;
инфракрасный пленочный теплый пол;1;;;;;;;;;;;;
инфракрасный теплый пол киев;1;;;;;;;;;;;;
купить теплый пол;1;;;;;;;;;;;;
монтаж теплого пола электрического;1;;;;;;;;;;;;
пленочный теплый пол;1;;;;;;;;;;;;
пленочный теплый пол цена;1;;;;;;;;;;;;
полы с подогревом;1;;;;;;;;;;;;
система теплый пол;1;;;;;;;;;;;;
стоимость теплого пола;1;;;;;;;;;;;;
теплый пол;1;;;;;;;;;;;;
теплый пол инфракрасный;1;;;;;;;;;;;;
теплый пол купить;1;;;;;;;;;;;;
теплый пол под ламинат;1;;;;;;;;;;;;
теплый пол под плитку;1;;;;;;;;;;;;
Теплый пол стоимость;1
теплый пол цена;1
терморегулятор;1
электрический теплый пол;1
электрический теплый пол цена;1
теплый пол киев;1
